[
  {"ENTIDAD":"Asociación ARCA Empleo ARMILLA","MUNICIPIO":"ALHENDÍN","DÍAS":"Martes","DIRECCIÓN":"Ayuntamiento. Plaza de España,1. 18110","TELÉFONO CITAS":"606577115","TECNIC@ ORIENTA":"Lourdes Muro Sánchez","COLECTIVO":"Desemplead@s en General"},
  {"ENTIDAD":"Asociación ARCA Empleo ARMILLA","MUNICIPIO":"CÚLLAR VEGA","DÍAS":"2º y 4º Lunes / mes","DIRECCIÓN":"Edificio CIE, Oficina 2, Paseo Jerónimo de Rueda, S/N. 18195","TELÉFONO CITAS":"606577115","TECNIC@ ORIENTA":"Beatriz Muñoz Sánchez","COLECTIVO":"Desemplead@s en General"},
  {"ENTIDAD":"Asociación ARCA Empleo ARMILLA","MUNICIPIO":"CHURRIANA DE LA VEGA","DÍAS":"Martes y Jueves","DIRECCIÓN":"Casa de la Juventud. C/ San Ramón,12. 18194","TELÉFONO CITAS":"606577115","TECNIC@ ORIENTA":"Olga Laguna Mattei","COLECTIVO":"Desemplead@s en General"},
  {"ENTIDAD":"Asociación ARCA Empleo ARMILLA","MUNICIPIO":"OTURA","DÍAS":"Miércoles","DIRECCIÓN":"Biblioteca nueva C/ Calvario 1. 18630","TELÉFONO CITAS":"606577115","TECNIC@ ORIENTA":"Lourdes Muro Sánchez","COLECTIVO":"Desemplead@s en General"},
  {"ENTIDAD":"Asociación ARCA Empleo ARMILLA","MUNICIPIO":"LA MALAHÁ","DÍAS":"1er Lunes / mes","DIRECCIÓN":"Ayuntamiento. C/ Real, 18. 18130","TELÉFONO CITAS":"606577115","TECNIC@ ORIENTA":"Olga Laguna Mattei","COLECTIVO":"Desemplead@s en General"},
  {"ENTIDAD":"Asociación ARCA Empleo ARMILLA","MUNICIPIO":"LAS GABIAS","DÍAS":"Miércoles y jueves","DIRECCIÓN":"Ayuntamiento. C/ Real, 18. 18110","TELÉFONO CITAS":"606577115","TECNIC@ ORIENTA":"Beatriz Muñoz Sánchez","COLECTIVO":"Desemplead@s en General"},
  {"ENTIDAD":"Asociación ARCA Empleo ZAIDÍN","MUNICIPIO":"LA ZUBIA","DÍAS":"Lunes y viernes","DIRECCIÓN":"C/ Escuelas, 2. 18140","TELÉFONO CITAS":"629479861","TECNIC@ ORIENTA":"Irene Olimpia Fernández Copado","COLECTIVO":"Desemplead@s en General"},
  {"ENTIDAD":"Asociación ARCA Empleo ZAIDÍN","MUNICIPIO":"MONACHIL","DÍAS":"Martes","DIRECCIÓN":"Centro de Formación las Canteras\nC/ Leñadores, 30. Polígono Industrial las Canteras. 18193","TELÉFONO CITAS":"629479861","TECNIC@ ORIENTA":"Isabel Lupiáñez Castillo","COLECTIVO":"Desemplead@s en General"},
  {"ENTIDAD":"Asociación ARCA Empleo ZAIDÍN","MUNICIPIO":"HUÉTOR VEGA","DÍAS":"1er y 3er Jueves / mes","DIRECCIÓN":"Centro Social La Nava. Callejón de la Feria, 2. 18198","TELÉFONO CITAS":"629479861","TECNIC@ ORIENTA":"Isabel Lupiáñez Castillo","COLECTIVO":"Desemplead@s en General"},
  {"ENTIDAD":"Asociación ENGLOBA","MUNICIPIO":"ALFACAR","DÍAS":"Martes","DIRECCIÓN":"C/ Molinillo, 23. 18170","TELÉFONO CITAS":"664127964","TECNIC@ ORIENTA":"Oliverio Moreno Pelaez","COLECTIVO":"Desemplead@s en General"},
  {"ENTIDAD":"Asociación ENGLOBA","MUNICIPIO":"JUN","DÍAS":"Lunes alternos","DIRECCIÓN":"C/ Borja Diaz, S/N. 18213","TELÉFONO CITAS":"664127964","TECNIC@ ORIENTA":"María del Carmen Sánchez Gómez","COLECTIVO":"Desemplead@s en General"},
  {"ENTIDAD":"Asociación ENGLOBA","MUNICIPIO":"PULIANAS","DÍAS":"Miércoles","DIRECCIÓN":"C/ Alcazaba, 2. 18197","TELÉFONO CITAS":"664127964","TECNIC@ ORIENTA":"María del Carmen Sánchez Gómez","COLECTIVO":"Desemplead@s en General"},
  {"ENTIDAD":"Consorcio Vega Sierra Elvira PINOS PUENTE","MUNICIPIO":"MOCLÍN (Puerto Lope)","DÍAS":"1er Miércoles / mes","DIRECCIÓN":"Biblioteca municipal / Guadalinfo","TELÉFONO CITAS":"958450136 / 637027510 / 637027506","TECNIC@ ORIENTA":"M.ª Oliva Ruiz Prados (637027505)","COLECTIVO":"Desemplead@s en General"},
  {"ENTIDAD":"Consorcio Vega Sierra Elvira PINOS PUENTE","MUNICIPIO":"VALDERRUBIO","DÍAS":"4º Jueves / mes","DIRECCIÓN":"Edificio Ayuntamiento","TELÉFONO CITAS":"958450136 / 637027510 / 637027506","TECNIC@ ORIENTA":"Nuria Herrera Díaz","COLECTIVO":"Desemplead@s en General"},
  {"ENTIDAD":"Consorcio Vega Sierra Elvira PINOS PUENTE","MUNICIPIO":"ALBOLOTE","DÍAS":"Lunes, Martes, Miércoles y Viernes","DIRECCIÓN":"O.A.L. Ayuntamiento Albolote (958467393)","TELÉFONO CITAS":"958450136 / 637027510 / 637027506","TECNIC@ ORIENTA":"Olga Megías","COLECTIVO":"Desemplead@s en General"},
  {"ENTIDAD":"Consorcio Vega Sierra Elvira PINOS PUENTE","MUNICIPIO":"ATARFE","DÍAS":"Lunes, Martes, Jueves y Viernes","DIRECCIÓN":"Sede Consorcio Vega Sierra Elvira Atarfe","TELÉFONO CITAS":"958450136 / 637027510 / 637027506","TECNIC@ ORIENTA":"M.ª José Maldonado Gallego","COLECTIVO":"Desemplead@s en General"},
  {"ENTIDAD":"Consorcio Vega Sierra Elvira SANTA FE","MUNICIPIO":"VEGAS DEL GENIL","DÍAS":"Viernes","DIRECCIÓN":"Edificio La Cerca. C/ Colegios, 10. 18102 Purchil","TELÉFONO CITAS":"958432051 / 650452431","TECNIC@ ORIENTA":"Isabel Molina López","COLECTIVO":"Desemplead@s en General"},
  {"ENTIDAD":"Consorcio Vega Sierra Elvira SANTA FE","MUNICIPIO":"FUENTE VAQUEROS","DÍAS":"Jueves","DIRECCIÓN":"Plaza Doctor Pareja, 1. 18340","TELÉFONO CITAS":"958516535 / \n680747153","TECNIC@ ORIENTA":"Inmaculada Navarro Isla","COLECTIVO":"Desemplead@s en General"},
  {"ENTIDAD":"Consorcio Vega Sierra Elvira SANTA FE","MUNICIPIO":"CHAUCHINA","DÍAS":"Lunes","DIRECCIÓN":"Polígono La Rosa, Ronda Exterior, 3. 18330","TELÉFONO CITAS":"958455096 / 650452431","TECNIC@ ORIENTA":"Isabel Molina López","COLECTIVO":"Desemplead@s en General"},
  {"ENTIDAD":"Consorcio Vega Sierra Elvira SANTA FE","MUNICIPIO":"LÁCHAR","DÍAS":"1er Miércoles / mes","DIRECCIÓN":"C/Buenavista, Biblioteca Pública Almudena Grande; 18327","TELÉFONO CITAS":"958457005 / 680747153","TECNIC@ ORIENTA":"Inmaculada Navarro Isla","COLECTIVO":"Desemplead@s en General"},
  {"ENTIDAD":"Consorcio Vega Sierra Elvira SANTA FE","MUNICIPIO":"CIJUELA","DÍAS":"3er Miércoles / mes","DIRECCIÓN":"C/ Real, 26. 18339","TELÉFONO CITAS":"958515084 / 680747153","TECNIC@ ORIENTA":"Inmaculada Navarro Isla","COLECTIVO":"Desemplead@s en General"},
  {"ENTIDAD":"Fundación PRODE DEG","MUNICIPIO":"PEDRO MARTÍNEZ","DÍAS":"1er y 3er Lunes/ mes","DIRECCIÓN":"Plaza Sta. Cruz,3. 18530","TELÉFONO CITAS":"722255135 / 722283595","TECNIC@ ORIENTA":"Rosana Peláez Velasco (1er) / Consuelo Martínez Flores (3er)","COLECTIVO":"Desemplead@s en General"},
  {"ENTIDAD":"Fundación PRODE DEG","MUNICIPIO":"GUADAHORTUNA","DÍAS":"1er y 3er Martes / mes","DIRECCIÓN":"Ctra. De Huelma, 9. 18560","TELÉFONO CITAS":"722255135 / 722283595","TECNIC@ ORIENTA":"Rosana Peláez Velasco (1er) / Consuelo Martínez Flores (3er)","COLECTIVO":"Desemplead@s en General"},
  {"ENTIDAD":"Fundación PRODE DEG","MUNICIPIO":"PÍÑAR","DÍAS":"2º y 4º Martes / mes","DIRECCIÓN":"Plaza Alcalde Rafael Expósito Jimenez, 7. 18568","TELÉFONO CITAS":"722255135 / 722283595","TECNIC@ ORIENTA":"Rosana Peláez Velasco (2º) / Consuelo Martínez Flores (4º)","COLECTIVO":"Desemplead@s en General"},
  {"ENTIDAD":"Fundación PRODE DEG","MUNICIPIO":"CAMPOTÉJAR","DÍAS":"1er y 3er Miércoles / mes","DIRECCIÓN":"Plaza Ayuntamiento, 10. 18565","TELÉFONO CITAS":"722255135 / 722283595","TECNIC@ ORIENTA":"Rosana Peláez Velasco (3er) / Consuelo Martínez Flores (1er)","COLECTIVO":"Desemplead@s en General"},
  {"ENTIDAD":"Fundación PRODE DEG","MUNICIPIO":"MONTEJÍCAR","DÍAS":"2º y 4º Lunes / mes","DIRECCIÓN":"Plaza de la Constitución, 1. 18561","TELÉFONO CITAS":"722255135 / 722283595","TECNIC@ ORIENTA":"Rosana Peláez Velasco (4º) / Consuelo Martínez Flores (2º)","COLECTIVO":"Desemplead@s en General"},
  {"ENTIDAD":"Fundación PRODE DEG","MUNICIPIO":"DEIFONTES","DÍAS":"Jueves","DIRECCIÓN":"Avda. Andalucía, 12. 18570","TELÉFONO CITAS":"722255135 / 722283595","TECNIC@ ORIENTA":"Rosana Peláez Velasco (3er y 4º) / Consuelo Martínez Flores (1er y 2º)","COLECTIVO":"Desemplead@s en General"},
  {"ENTIDAD":"Mancomunidad ALHAMA DE GRANADA","MUNICIPIO":"CACÍN","DÍAS":"1er y 3er Lunes / mes","DIRECCIÓN":"Plaza Maestro Manuel Almendros, S/N\n18129","TELÉFONO CITAS":"958350665 / 644046387","TECNIC@ ORIENTA":"Juana M.ª Rodríguez Guerrero","COLECTIVO":"Desemplead@s en General"},
  {"ENTIDAD":"Mancomunidad ALHAMA DE GRANADA","MUNICIPIO":"EL TURRO","DÍAS":"2º y 4º Lunes / mes","DIRECCIÓN":"Plaza Horno, 3. 18129","TELÉFONO CITAS":"958350665 / 644046387","TECNIC@ ORIENTA":"Juana M.ª Rodríguez Guerrero","COLECTIVO":"Desemplead@s en General"},
  {"ENTIDAD":"Mancomunidad ALHAMA DE GRANADA","MUNICIPIO":"JÁTAR","DÍAS":"2º y 4º Martes / mes","DIRECCIÓN":"Plaza Cataluña, 4. 18127","TELÉFONO CITAS":"958350665 / 644046387","TECNIC@ ORIENTA":"Juana M.ª Rodríguez Guerrero","COLECTIVO":"Desemplead@s en General"},
  {"ENTIDAD":"Mancomunidad ALHAMA DE GRANADA","MUNICIPIO":"VENTAS DE ZAFARRAYA","DÍAS":"1er y 3er Jueves / mes","DIRECCIÓN":"Plaza Santo Domingo de Guzmán, 1. 18125","TELÉFONO CITAS":"958350665 / 644046387","TECNIC@ ORIENTA":"Juana M.ª Rodríguez Guerrero","COLECTIVO":"Desemplead@s en General"},
  {"ENTIDAD":"Mancomunidad ALHAMA DE GRANADA","MUNICIPIO":"ZAFARRAYA","DÍAS":"2º y 4º Jueves / mes","DIRECCIÓN":"C/ Entrada de Granada, 2. 18128","TELÉFONO CITAS":"958350665 / 644046387","TECNIC@ ORIENTA":"Juana M.ª Rodríguez Guerrero","COLECTIVO":"Desemplead@s en General"},
  {"ENTIDAD":"Mancomunidad ALHAMA DE GRANADA","MUNICIPIO":"ARENAS DEL REY","DÍAS":"2º y 4º Viernes / mes","DIRECCIÓN":"Plaza Alfonso XII, S/N. 18126","TELÉFONO CITAS":"958350665 / 644046387","TECNIC@ ORIENTA":"Concepción Castillo Crespo","COLECTIVO":"Desemplead@s en General"},
  {"ENTIDAD":"Mancomunidad ALHAMA DE GRANADA","MUNICIPIO":"FORNES","DÍAS":"1er y 3er Martes / mes","DIRECCIÓN":"Avda. Andalucía, 1. 18127","TELÉFONO CITAS":"958350665 / 644046387","TECNIC@ ORIENTA":"Concepción Castillo Crespo","COLECTIVO":"Desemplead@s en General"},
  {"ENTIDAD":"Mancomunidad ALHAMA DE GRANADA","MUNICIPIO":"JAYENA","DÍAS":"1er y 3er Miércoles / mes","DIRECCIÓN":"Plaza del Ayuntamiento, S/N. 18127","TELÉFONO CITAS":"958350665 / 644046387","TECNIC@ ORIENTA":"Concepción Castillo Crespo","COLECTIVO":"Desemplead@s en General"},
  {"ENTIDAD":"Mancomunidad ALHAMA DE GRANADA","MUNICIPIO":"SANTA CRUZ DEL COMERCIO","DÍAS":"1er y 3er Viernes / mes","DIRECCIÓN":"Plaza Constitución, 1. 18129","TELÉFONO CITAS":"958350665 / 644046387","TECNIC@ ORIENTA":"Concepción Castillo Crespo","COLECTIVO":"Desemplead@s en General"},
  {"ENTIDAD":"Mancomunidad ALPUJARRA GRANADINA","MUNICIPIO":"BÉRCHULES","DÍAS":"2º, 3er y 4º Lunes / mes","DIRECCIÓN":"Ayuntamiento de Bérchules. Plaza de la Constitución, 1. 18451","TELÉFONO CITAS":"958850521 / 606508644","TECNIC@ ORIENTA":"María Luisa Martín Díaz","COLECTIVO":"Desemplead@s en General"},
  {"ENTIDAD":"Mancomunidad ALPUJARRA GRANADINA","MUNICIPIO":"VÁLOR","DÍAS":"1er y 3er Miércoles / mes","DIRECCIÓN":"Ayuntamiento de Válor. C/ Carretera, S/N\n18470","TELÉFONO CITAS":"958850521 / 606508644","TECNIC@ ORIENTA":"María Luisa Martín Díaz","COLECTIVO":"Desemplead@s en General"},
  {"ENTIDAD":"Mancomunidad ALPUJARRA GRANADINA","MUNICIPIO":"UGÍJAR","DÍAS":"1er Viernes / mes\n2º y 4º Miércoles / mes","DIRECCIÓN":"Ayuntamiento de Ugíjar (958767019). Plaza de la Constitución. 18480","TELÉFONO CITAS":"958850521 / 606508644","TECNIC@ ORIENTA":"Se alternan: María Luisa Martín Díaz / Mª José Nieto Martínez","COLECTIVO":"Desemplead@s en General"},
  {"ENTIDAD":"Mancomunidad ALPUJARRA GRANADINA","MUNICIPIO":"NEVADA","DÍAS":"1er y 3er Martes / mes","DIRECCIÓN":"Plaza de la Constitución, 1. 18494 (Laroles)","TELÉFONO CITAS":"958850521 / 606508644","TECNIC@ ORIENTA":"Mª José Nieto Martínez","COLECTIVO":"Desemplead@s en General"},
  {"ENTIDAD":"Mancomunidad ALPUJARRA GRANADINA","MUNICIPIO":"ALPUJARRA DE LA SIERRA","DÍAS":"1er, 2º y 4º Jueves / mes","DIRECCIÓN":"Plaza Nueva, 1. 18450 (Mecina Bombarón)","TELÉFONO CITAS":"958850521 / 606508644","TECNIC@ ORIENTA":"Mª José Nieto Martínez","COLECTIVO":"Desemplead@s en General"},
  {"ENTIDAD":"Mancomunidad ALPUJARRA GRANADINA","MUNICIPIO":"UGÍJAR","DÍAS":"2º y 4º Martes / mes y 3er Viernes / mes","DIRECCIÓN":"Ayuntamiento de Ugíjar (958767019). Plaza de la Constitución. 18480","TELÉFONO CITAS":"958850521 / 606508644","TECNIC@ ORIENTA":"Mª José Nieto Martínez","COLECTIVO":"Desemplead@s en General"},
  {"ENTIDAD":"Mancomunidad COSTA TROPICAL ALBUÑOL","MUNICIPIO":"LA RÁBITA","DÍAS":"Jueves","DIRECCIÓN":"Oficina Municipal del Ayuntamiento. C/ Mochilas. 18760","TELÉFONO CITAS":"958638074","TECNIC@ ORIENTA":"Aureliano Prieto Álvarez","COLECTIVO":"Desemplead@s en General"},
  {"ENTIDAD":"Mancomunidad COSTA TROPICAL ALBUÑOL","MUNICIPIO":"LA MAMOLA","DÍAS":"Miércoles","DIRECCIÓN":"Ayuntamiento de Polopos (958613121). Calle García Loraca , n.º 1 antiguo Ayuntamiento de la Mamola\n18750 (La Mamola)","TELÉFONO CITAS":"958638074","TECNIC@ ORIENTA":"Milagros Hidalgo Hurtado","COLECTIVO":"Desemplead@s en General"},
  {"ENTIDAD":"Mancomunidad COSTA TROPICAL ALMUÑÉCAR","MUNICIPIO":"JETE","DÍAS":"Lunes","DIRECCIÓN":"Ayuntamiento de Jete. C/ Carretera, 50. 18699","TELÉFONO CITAS":"958883793","TECNIC@ ORIENTA":"Esther M.ª Ruíz Díaz","COLECTIVO":"Desemplead@s en General"},
  {"ENTIDAD":"Mancomunidad COSTA TROPICAL ALMUÑÉCAR","MUNICIPIO":"OTÍVAR","DÍAS":"Martes","DIRECCIÓN":"Ayuntamiento de Otívar. Avda. Alcalde Caridad, 26. 18698","TELÉFONO CITAS":"958883793","TECNIC@ ORIENTA":"Encarnación Bonet Salado (663496663)","COLECTIVO":"Desemplead@s en General"},
  {"ENTIDAD":"Mancomunidad COSTA TROPICAL ALMUÑÉCAR","MUNICIPIO":"LA HERRADURA","DÍAS":"Miércoles","DIRECCIÓN":"Centro Cívico de La Herradura. C/ Las Palomas, 1. 18697","TELÉFONO CITAS":"958883793","TECNIC@ ORIENTA":"Esther M.ª Ruíz Díaz","COLECTIVO":"Desemplead@s en General"},
  {"ENTIDAD":"Mancomunidad VALLE DE LECRÍN","MUNICIPIO":"PADUL","DÍAS":"2º y 4º Lunes / mes\n1º y 3º Jueves /mes","DIRECCIÓN":"Ayuntamiento de Padul. Avda. Andalucía, 66. 18640","TELÉFONO CITAS":"958780421 / 662185968-71","TECNIC@ ORIENTA":"Jaldía Haboob (1º y 3º) / Rosario Ruiz (2º y 4º)","COLECTIVO":"Desemplead@s en General"},
  {"ENTIDAD":"Mancomunidad VALLE DE LECRÍN","MUNICIPIO":"VILLAMENA","DÍAS":"2º Martes / mes","DIRECCIÓN":"Ayuntamiento de Villamena. C/ Granada, 1. 18659 Cozvíjar","TELÉFONO CITAS":"958780421 / 662185968-71","TECNIC@ ORIENTA":"Jaldía Haboob","COLECTIVO":"Desemplead@s en General"},
  {"ENTIDAD":"Mancomunidad VALLE DE LECRÍN","MUNICIPIO":"EL VALLE","DÍAS":"2º Miércoles / mes","DIRECCIÓN":"Ayuntamiento de El Valle. Avda. Andalucía, 34. 18658 Restábal","TELÉFONO CITAS":"958780421 / 662185968-71","TECNIC@ ORIENTA":"Rosario Ruiz","COLECTIVO":"Desemplead@s en General"},
  {"ENTIDAD":"Mancomunidad VALLE DE LECRÍN","MUNICIPIO":"LECRÍN","DÍAS":"3er Martes / mes","DIRECCIÓN":"Ayuntamiento de Lecrín. C/ Granada, 20. 18656 Talará","TELÉFONO CITAS":"958780421 / 662185968-71","TECNIC@ ORIENTA":"Rosario Ruiz","COLECTIVO":"Desemplead@s en General"},
  {"ENTIDAD":"Mancomunidad VALLE DE LECRÍN","MUNICIPIO":"EL PINAR","DÍAS":"3er Miércoles / mes","DIRECCIÓN":"Ayuntamiento de El Pinar. Plaza del Ayuntamiento, S/N. 18658 Pinos del Valle","TELÉFONO CITAS":"958780421 / 662185968-71","TECNIC@ ORIENTA":"Jaldía Haboob","COLECTIVO":"Desemplead@s en General"},
  {"ENTIDAD":"Mancomunidad VALLE DE LECRÍN","MUNICIPIO":"NIGÜELAS","DÍAS":"4º Martes / mes","DIRECCIÓN":"Ayuntamiento de Nigüelas. C/ Angustias, 6. 18657","TELÉFONO CITAS":"958780421 / 662185968-71","TECNIC@ ORIENTA":"Jaldía Haboob","COLECTIVO":"Desemplead@s en General"},
  {"ENTIDAD":"Mancomunidad VALLE DE LECRÍN","MUNICIPIO":"ALBUÑUELAS","DÍAS":"4º Jueves / mes","DIRECCIÓN":"Ayuntamiento de Albuñuelas. C/ Carretera. 76. 18659","TELÉFONO CITAS":"958780421 / 662185968-71","TECNIC@ ORIENTA":"Rosario Ruiz","COLECTIVO":"Desemplead@s en General"},
  {"ENTIDAD":"SAE Granada","MUNICIPIO":"PARCELAS","DÍAS":"Lunes y miércoles","DIRECCIÓN":"C/ Fray Juan Sánchez Cotán, 28","TELÉFONO CITAS":"","TECNIC@ ORIENTA":"Elena Lledó. SAE Severo Ochoa (M) / Susana Quesada Porcel. SAE Cartuja (X)","COLECTIVO":"Desemplead@s en General"},
  {"ENTIDAD":"SAE Granada Severo Ochoa","MUNICIPIO":"MARACENA","DÍAS":"Lunes y Martes","DIRECCIÓN":"Ayuntamiento (Planta Baja). C/ Fundación Rojas, 4. 18200","TELÉFONO CITAS":"958944451","TECNIC@ ORIENTA":"Ignacio Terrón","COLECTIVO":"Desemplead@s en General"},
  {"ENTIDAD":"SAE Granada Severo Ochoa","MUNICIPIO":"OGÍJARES","DÍAS":"Lunes, Martes y Miércoles","DIRECCIÓN":"Ayuntamiento de Ogíjares (Centro adultos). C/ Padre Vidagort, 2, Bajo. 18151","TELÉFONO CITAS":"608230027","TECNIC@ ORIENTA":"Esther Machado","COLECTIVO":"Desemplead@s en General"},
  {"ENTIDAD":"SAE Granada Severo Ochoa","MUNICIPIO":"CENES","DÍAS":"Jueves","DIRECCIÓN":"Centro Sociocultural Carlos Cano. Entrada por: Avda. Sierra Nevada, 49. 18190","TELÉFONO CITAS":"958944451 / 647557844 / (670166)","TECNIC@ ORIENTA":"Beatriz Lara Águila","COLECTIVO":"Desemplead@s en General"},
  {"ENTIDAD":"SAE Motril","MUNICIPIO":"SALOBREÑA","DÍAS":"Jueves","DIRECCIÓN":"Casa de la Cultura. Avda. del Mediterráneo, S/N. 18680","TELÉFONO CITAS":"600147483 / 600147484","TECNIC@ ORIENTA":"Sergio García. SAE Motril / Pedro Navarro Rull. SAE Almuñécar / Lucía Moral García. SAE Motril / Antonio Rodríguez Haro. SAE Motril","COLECTIVO":"Desemplead@s en General"},
  {"ENTIDAD":"Asociación ASPAYM Granada. (Física y Orgánica)","MUNICIPIO":"MARACENA","DÍAS":"2º y 4º Viernes / mes","DIRECCIÓN":"AYTO DE MARACENA. Calle Fundación Rojas,1. 18200 Maracena","TELÉFONO CITAS":"689198228","TECNIC@ ORIENTA":"Sergio Caro Rueda","COLECTIVO":"Discapacidad Física u Orgánica"},
  {"ENTIDAD":"Asociación ASPAYM Granada. (Física y Orgánica)","MUNICIPIO":"ARMILLA","DÍAS":"1ª y 3er Viernes / mes","DIRECCIÓN":"SAE ARMILLA – Centro Reina Sofía Camino del Jueves s/n Armilla 18100","TELÉFONO CITAS":"604986181","TECNIC@ ORIENTA":"Cristina Mora Olivas","COLECTIVO":"Discapacidad Física u Orgánica"},
  {"ENTIDAD":"ASOCIACIÓN INSERTA INNOVACIÓN. (Física y Orgánica)","MUNICIPIO":"SANTA FE","DÍAS":"1er y 3er Martes / mes","DIRECCIÓN":"Oficina de Andalucía Orienta\nC/ Pablo Iglesias, S/N. 18320","TELÉFONO CITAS":"958222067 / 687248937","TECNIC@ ORIENTA":"Susana Montañez","COLECTIVO":"Discapacidad Física u Orgánica"},
  {"ENTIDAD":"ASOCIACIÓN INSERTA INNOVACIÓN. (Física y Orgánica)","MUNICIPIO":"DÚRCAL","DÍAS":"1er Miércoles / mes","DIRECCIÓN":"Mancomunidad Municipios Valle Lecrín\nC/ Regina, 2. 18650","TELÉFONO CITAS":"958222067 / 687248937","TECNIC@ ORIENTA":"Rafael Ocete Martínez","COLECTIVO":"Discapacidad Física u Orgánica"},
  {"ENTIDAD":"ASOCIACIÓN INSERTA INNOVACIÓN. (Física y Orgánica)","MUNICIPIO":"BAZA","DÍAS":"2º y 4º Martes / mes","DIRECCIÓN":"Agencia ONCE. C/ Antonio Machado, 2 Baza. 18800","TELÉFONO CITAS":"958222067 / 687248937","TECNIC@ ORIENTA":"Antonia Alcaide Núñez / Rafael Ocete Martínez","COLECTIVO":"Discapacidad Física u Orgánica"},
  {"ENTIDAD":"ASOCIACIÓN INSERTA INNOVACIÓN. (Física y Orgánica)","MUNICIPIO":"GUADIX","DÍAS":"2º y 4º Miércoles / mes","DIRECCIÓN":"Oficina Turismo, Mancomunidad Municipios Comarca Guadix","TELÉFONO CITAS":"958222067 / 687248937","TECNIC@ ORIENTA":"Antonia Alcaide Núñez","COLECTIVO":"Discapacidad Física u Orgánica"},
  {"ENTIDAD":"ASOCIACIÓN INSERTA INNOVACIÓN. (Física y Orgánica)","MUNICIPIO":"IZNALLOZ","DÍAS":"4º Jueves / mes","DIRECCIÓN":"Oficina SAE. Ayuntamiento de Iznalloz","TELÉFONO CITAS":"958222067 / 687248937","TECNIC@ ORIENTA":"Amparo Dolores López Juárez","COLECTIVO":"Discapacidad Física u Orgánica"},
  {"ENTIDAD":"ASOCIACIÓN INSERTA INNOVACIÓN. (Física y Orgánica)","MUNICIPIO":"MOTRIL","DÍAS":"2º Lunes / mes","DIRECCIÓN":"Oficina ONCE. Plaza Canalejas, 4. 18600","TELÉFONO CITAS":"958222067 / 687248937","TECNIC@ ORIENTA":"Amparo Dolores López Juárez","COLECTIVO":"Discapacidad Física u Orgánica"},
  {"ENTIDAD":"FEGRADI. (Física y Orgánica)","MUNICIPIO":"ARMILLA","DÍAS":"1er martes / mes","DIRECCIÓN":"Ayuntamiento de Armilla – Centro Reina Sofía – Camino del Jueves s/n – CP 18100","TELÉFONO CITAS":"958578015","TECNIC@ ORIENTA":"Carmen Segura / Esteban Robles","COLECTIVO":"Discapacidad Física u Orgánica"},
  {"ENTIDAD":"FEGRADI. (Física y Orgánica)","MUNICIPIO":"MOTRIL","DÍAS":"1er y 3er Miércoles / mes","DIRECCIÓN":"Ayto. de Motril. C/ Doctor Tercedor, 1. Edif la Fabriquilla, 2ª planta. 18600","TELÉFONO CITAS":"635705228 / 655977924","TECNIC@ ORIENTA":"Carmen Segura / Ana J.Valdivia","COLECTIVO":"Discapacidad Física u Orgánica"},
  {"ENTIDAD":"FEGRADI. (Física y Orgánica)","MUNICIPIO":"LOJA","DÍAS":"2º Miércoles / mes","DIRECCIÓN":"Agencia Municipal de Desarrollo. Cuesta Campo Blanco, 4, 2ª planta\n18300","TELÉFONO CITAS":"635705228 / \n682011553","TECNIC@ ORIENTA":"Carmen Segura / Esteban Robles","COLECTIVO":"Discapacidad Física u Orgánica"},
  {"ENTIDAD":"FEGRADI. (Física y Orgánica)","MUNICIPIO":"SANTA FE","DÍAS":"4º Miércoles / mes","DIRECCIÓN":"C/ Pintor Murillo, S/N. 18320","TELÉFONO CITAS":"635705228","TECNIC@ ORIENTA":"Carmen Segura","COLECTIVO":"Discapacidad Física u Orgánica"},
  {"ENTIDAD":"Asociación ASPAYM Granada. \n(Intelectual y Psíquica)","MUNICIPIO":"ATARFE","DÍAS":"2º y 4º Miércoles / mes","DIRECCIÓN":"CENTRO CÍVICO. Calle Peonía,5 18230. Atarfe (Granada)","TELÉFONO CITAS":"642332252","TECNIC@ ORIENTA":"Inmaculada Martínez Hernández","COLECTIVO":"Discapacidad Intelectual o Psíquica"},
  {"ENTIDAD":"Asociación ASPAYM Granada. \n(Intelectual y Psíquica)","MUNICIPIO":"CENTRO MUNICIPAL DE FORMACIÓN Y EMPLEO NORTE. \n\"Las Parcelas\". GRANADA","DÍAS":"3er Viernes / mes","DIRECCIÓN":"C/Fray Juan Sánchez Cotán,28, 18011 Granada","TELÉFONO CITAS":"642332252","TECNIC@ ORIENTA":"Inmaculada Martínez Hernández","COLECTIVO":"Discapacidad Intelectual o Psíquica"},
  {"ENTIDAD":"Asociación ASPAYM Granada. \n(Intelectual y Psíquica)","MUNICIPIO":"MARACENA","DÍAS":"1er Viernes / mes","DIRECCIÓN":"AYTO DE MARACENA. Calle Fundación Rojas,1. 18200 Maracena","TELÉFONO CITAS":"619540096","TECNIC@ ORIENTA":"Carmen Navarro Pérez","COLECTIVO":"Discapacidad Intelectual o Psíquica"},
  {"ENTIDAD":"FAISEM (Intelectual y Psíquica)","MUNICIPIO":"BAZA","DÍAS":"2º y 4º miércoles / mes","DIRECCIÓN":"Mancomunidad municipios Baza. C/ maestro Alonso s/n,Esquina Reyes Católicos. 18800 Baza","TELÉFONO CITAS":"671598600","TECNIC@ ORIENTA":"Julia López / Yolanda Casas","COLECTIVO":"Discapacidad Intelectual o Psíquica"},
  {"ENTIDAD":"FAISEM (Intelectual y Psíquica)","MUNICIPIO":"MOTRIL","DÍAS":"1º Y 3º jueves / mes","DIRECCIÓN":"Edificio la Fabriquilla,C/Doctor Tercedor, 1, 2º planta 18600 Motril","TELÉFONO CITAS":"671598600","TECNIC@ ORIENTA":"Julia López / Yolanda Casas","COLECTIVO":"Discapacidad Intelectual o Psíquica"},
  {"ENTIDAD":"ASOCIACIÓN INSERTA INNOVACIÓN. (Sensorial)","MUNICIPIO":"MOTRIL","DÍAS":"2º y 4º Martes / mes","DIRECCIÓN":"Sede ONCE C/ Rambla de Capuchinos 29. 18600 Motril","TELÉFONO CITAS":"634782355","TECNIC@ ORIENTA":"Inmaculada Jiménez / Clara de la Hoz Barrera","COLECTIVO":"Discapacidad Sensorial"},
  {"ENTIDAD":"ASOCIACIÓN INSERTA INNOVACIÓN. (Sensorial)","MUNICIPIO":"DÚRCAL","DÍAS":"1º Miércoles / mes","DIRECCIÓN":"Sede Mancomunidad C/ Regina 2. 18650 Dúrcal","TELÉFONO CITAS":"634782355","TECNIC@ ORIENTA":"Inmaculada Jiménez","COLECTIVO":"Discapacidad Sensorial"},
  {"ENTIDAD":"ASOCIACIÓN INSERTA INNOVACIÓN. (Sensorial)","MUNICIPIO":"GUADIX","DÍAS":"2º y 4º Miércoles / mes","DIRECCIÓN":"Ayto de Guadix Plaza de la Constitución n.º 1. 18500 Guadix","TELÉFONO CITAS":"634782355","TECNIC@ ORIENTA":"Esther Machado Gallardo / Susana Olivares Torres","COLECTIVO":"Discapacidad Sensorial"},
  {"ENTIDAD":"ASOCIACIÓN INSERTA INNOVACIÓN. (Sensorial)","MUNICIPIO":"SANTA FE","DÍAS":"1º Martes / mes","DIRECCIÓN":"Consorcio Cons Vega C/ Pablo Iglesias s/n 18320. Santa Fe","TELÉFONO CITAS":"634782355","TECNIC@ ORIENTA":"Esther Machado Gallardo","COLECTIVO":"Discapacidad Sensorial"},
  {"ENTIDAD":"Asociación ARCA Empleo FUENTENUEVA","MUNICIPIO":"ALHENDÍN","DÍAS":"2ª y 4ª Jueves / mes","DIRECCIÓN":"Edificio SS. Plaza España, 1. Las Gabias","TELÉFONO CITAS":"656608577","TECNIC@ ORIENTA":"Sandra Sereno Arroyo","COLECTIVO":"Riesgo de Exclusión"},
  {"ENTIDAD":"Asociación ARCA Empleo FUENTENUEVA","MUNICIPIO":"ARMILLA","DÍAS":"Martes y Miércoles","DIRECCIÓN":"Camino del Jueves S/N. Edificio Reina Sofía\n18100","TELÉFONO CITAS":"656608577","TECNIC@ ORIENTA":"Sandra Sereno Arroyo","COLECTIVO":"Riesgo de Exclusión"},
  {"ENTIDAD":"Asociación ARCA Empleo FUENTENUEVA","MUNICIPIO":"ATARFE","DÍAS":"1º, 2º y 4º Viernes / mes","DIRECCIÓN":"SS, Plaza de Abastos s/n.","TELÉFONO CITAS":"656608577","TECNIC@ ORIENTA":"Margarita Soriano Martín","COLECTIVO":"Riesgo de Exclusión"},
  {"ENTIDAD":"Asociación ARCA Empleo FUENTENUEVA","MUNICIPIO":"ILLORA","DÍAS":"2º Viernes / mes","DIRECCIÓN":"SS, Avda. San Rogelio.","TELÉFONO CITAS":"656608577","TECNIC@ ORIENTA":"Laura Cabeza Medina","COLECTIVO":"Riesgo de Exclusión"},
  {"ENTIDAD":"Asociación ARCA Empleo FUENTENUEVA","MUNICIPIO":"LAS GABIAS","DÍAS":"2ª y 4ª Jueves / mes","DIRECCIÓN":"Ayuntamiento. Plaza España, 1.","TELÉFONO CITAS":"656608577","TECNIC@ ORIENTA":"Laura Cabeza Medina","COLECTIVO":"Riesgo de Exclusión"},
  {"ENTIDAD":"Asociación ARCA Empleo FUENTENUEVA","MUNICIPIO":"PADUL","DÍAS":"2º Viernes / mes","DIRECCIÓN":"Ayuntamiento. Avda. Andalucía, 66.","TELÉFONO CITAS":"656608577","TECNIC@ ORIENTA":"Margarita Soriano Martín","COLECTIVO":"Riesgo de Exclusión"},
  {"ENTIDAD":"Asociación ARCA Empleo FUENTENUEVA","MUNICIPIO":"CHURRIANA DE LA VEGA","DÍAS":"1er Miércoles / mes","DIRECCIÓN":"Casa de la Juventud. C/San Ramón, 12.","TELÉFONO CITAS":"656608577","TECNIC@ ORIENTA":"Antonia Fernández del Ojo","COLECTIVO":"Riesgo de Exclusión"},
  {"ENTIDAD":"Asociación ARCA Empleo FUENTENUEVA","MUNICIPIO":"Distrito Norte de Granada. LAS PARCELAS","DÍAS":"1er y 3er Jueves / mes","DIRECCIÓN":"C/ Fray Juan Sánchez Cotán, 28. 18011","TELÉFONO CITAS":"656608577","TECNIC@ ORIENTA":"Laura Cabeza Medina","COLECTIVO":"Riesgo de Exclusión"},
  {"ENTIDAD":"Asociación ARCA Empleo FUENTENUEVA","MUNICIPIO":"LA ZUBIA","DÍAS":"Jueves. También 1er y 3er Martes / mes","DIRECCIÓN":"C/ Escuelas, 2. 18140","TELÉFONO CITAS":"656608577","TECNIC@ ORIENTA":"Antonia Fernández del Ojo","COLECTIVO":"Riesgo de Exclusión"},
  {"ENTIDAD":"ASOCIACIÓN DYAR","MUNICIPIO":"ALBUÑOL","DÍAS":"3er Miércoles / mes","DIRECCIÓN":"Edificio de Usos Múltiples de Albuñol Avda 28 de Febrero S/N","TELÉFONO CITAS":"623757316","TECNIC@ ORIENTA":"Mª José Martín Muñoz","COLECTIVO":"Riesgo de Exclusión"},
  {"ENTIDAD":"ASOCIACIÓN DYAR","MUNICIPIO":"LANJARÓN","DÍAS":"Viernes","DIRECCIÓN":"C/ Cruz s/n. Lanjarón 18240","TELÉFONO CITAS":"623757316","TECNIC@ ORIENTA":"Mª José Martín Muñoz","COLECTIVO":"Riesgo de Exclusión"},
  {"ENTIDAD":"ASOCIACIÓN DYAR","MUNICIPIO":"ÓRGIVA","DÍAS":"4º Miércoles / mes","DIRECCIÓN":"Avda González Robles,nº 20","TELÉFONO CITAS":"623757316","TECNIC@ ORIENTA":"Mª José Martín Muñoz","COLECTIVO":"Riesgo de Exclusión"},
  {"ENTIDAD":"ASOCIACIÓN DYAR","MUNICIPIO":"ALMUÑÉCAR","DÍAS":"1er y 3er Martes / mes","DIRECCIÓN":"Cno Real de Motril, nº 5","TELÉFONO CITAS":"623752715","TECNIC@ ORIENTA":"Mª del Pilar González Sánchez","COLECTIVO":"Riesgo de Exclusión"},
  {"ENTIDAD":"ASOCIACIÓN DYAR","MUNICIPIO":"SALOBREÑA","DÍAS":"2º y 4º Martes y Miércoles / mes","DIRECCIÓN":"Casa de la Cultura, Planta Baja Avda del Mediterráneo S/N","TELÉFONO CITAS":"623752715","TECNIC@ ORIENTA":"Mª del Pilar González Sánchez","COLECTIVO":"Riesgo de Exclusión"},
  {"ENTIDAD":"CIC BATÁ","MUNICIPIO":"ALBOLOTE","DÍAS":"Lunes","DIRECCIÓN":"C/ Jacobo Camarero, S/N (958467393)\n18220","TELÉFONO CITAS":"958640881","TECNIC@ ORIENTA":"Laura Santamarina Sancho","COLECTIVO":"Riesgo de Exclusión"},
  {"ENTIDAD":"CIC BATÁ","MUNICIPIO":"LOJA","DÍAS":"1er Jueves / mes","DIRECCIÓN":"C. Rafael Pérez del Álamo, C.P: 18300","TELÉFONO CITAS":"958640881","TECNIC@ ORIENTA":"Laura Santamarina Sancho","COLECTIVO":"Riesgo de Exclusión"},
  {"ENTIDAD":"CIC BATÁ","MUNICIPIO":"CENES DE LA VEGA","DÍAS":"1er y 3er martes / mes","DIRECCIÓN":"Centro Sociocultural, Plaza Carlos Cano, S/N, CP 18190","TELÉFONO CITAS":"958640881","TECNIC@ ORIENTA":"Encarnación Pérez Rubio","COLECTIVO":"Riesgo de Exclusión"},
  {"ENTIDAD":"CIC BATÁ","MUNICIPIO":"DÚRCAL","DÍAS":"4º martes / mes","DIRECCIÓN":"Mancomunidad de Municipios del Valle \nde Lecrin, C/Regina 2 C.P. 18650","TELÉFONO CITAS":"958640881","TECNIC@ ORIENTA":"Encarnación Pérez Rubio","COLECTIVO":"Riesgo de Exclusión"},
  {"ENTIDAD":"CIC BATÁ","MUNICIPIO":"HUÉTOR VEGA","DÍAS":"Miércoles","DIRECCIÓN":"Callejón de la Feria, 2. 18198","TELÉFONO CITAS":"958640881","TECNIC@ ORIENTA":"Encarnación Pérez Rubio","COLECTIVO":"Riesgo de Exclusión"},
  {"ENTIDAD":"CIC BATÁ","MUNICIPIO":"FUENTE VAQUEROS","DÍAS":"4º Miércoles / mes","DIRECCIÓN":"Plaza Doctor Pareja 1, C.P:18340","TELÉFONO CITAS":"958640881","TECNIC@ ORIENTA":"Ana Gámiz Contreras","COLECTIVO":"Riesgo de Exclusión"},
  {"ENTIDAD":"CIC BATÁ","MUNICIPIO":"PINOS PUENTE","DÍAS":"Jueves","DIRECCIÓN":"C/ Huertos, 23. 18240","TELÉFONO CITAS":"958640881","TECNIC@ ORIENTA":"Ana Gámiz Contreras","COLECTIVO":"Riesgo de Exclusión"},
  {"ENTIDAD":"CIC BATÁ","MUNICIPIO":"SANTA FÉ","DÍAS":"1er Miércoles / mes","DIRECCIÓN":"Calle Marmol Nº5, Centro Servicios Social","TELÉFONO CITAS":"958640881","TECNIC@ ORIENTA":"Ana Gámiz Contreras","COLECTIVO":"Riesgo de Exclusión"},
  {"ENTIDAD":"Cruz Roja Española BAZA","MUNICIPIO":"HUÉSCAR","DÍAS":"1º y 3º Jueves / mes","DIRECCIÓN":"Edificio Cervantes. C/ Mayor, 1, 2ª Planta\n18830","TELÉFONO CITAS":"600905529","TECNIC@ ORIENTA":"M.ª Dolores Montoro Fernández","COLECTIVO":"Riesgo de Exclusión"},
  {"ENTIDAD":"Cruz Roja Española BAZA","MUNICIPIO":"BENAMAUREL","DÍAS":"1º y 3º Martes / mes","DIRECCIÓN":"Plaza Mayor, 1 158817 Benamaurel","TELÉFONO CITAS":"600904321","TECNIC@ ORIENTA":"Encarnación García Mancebo","COLECTIVO":"Riesgo de Exclusión"},
  {"ENTIDAD":"Cruz Roja Española BAZA","MUNICIPIO":"ZÚJAR","DÍAS":"2º Y 4º Martes / mes","DIRECCIÓN":"C/ Jabalcón, 10. 18811","TELÉFONO CITAS":"600904321","TECNIC@ ORIENTA":"Encarnación García Mancebo","COLECTIVO":"Riesgo de Exclusión"},
  {"ENTIDAD":"Cruz Roja Española GUADIX","MUNICIPIO":"ALQUIFE","DÍAS":"2º y 3º Miércoles / mes.","DIRECCIÓN":"Ayuntamiento de Alquife. Calle Dr. Segura, 16. 18518. Alquife, Granada.","TELÉFONO CITAS":"617340855","TECNIC@ ORIENTA":"M.ª Pilar Matías López (2º) / Eva M.ª Montalbán López (3º)","COLECTIVO":"Riesgo de Exclusión"},
  {"ENTIDAD":"Cruz Roja Española GUADIX","MUNICIPIO":"BENALÚA","DÍAS":"1er y 4º Miércoles / mes.","DIRECCIÓN":"C/ Azucarera, 1. 18510","TELÉFONO CITAS":"617340855 / 617340726","TECNIC@ ORIENTA":"Mª Pilar Matías López (1er) / Eva Mª Montalbán López (4º)","COLECTIVO":"Riesgo de Exclusión"},
  {"ENTIDAD":"DON BOSCO GRANADA REX","MUNICIPIO":"CÚLLAR VEGA","DÍAS":"1º y 3º martes / mes","DIRECCIÓN":"CIE Vivero de Empresas\nP.º Gerónimo de Rueda. 18195","TELÉFONO CITAS":"692546112 /958138402","TECNIC@ ORIENTA":"María Luz Murciano Pérez","COLECTIVO":"Riesgo de Exclusión"},
  {"ENTIDAD":"DON BOSCO GRANADA REX","MUNICIPIO":"GÓJAR","DÍAS":"2º y 4º martes / mes","DIRECCIÓN":"Plaza de la Constitución, 1 18150 Gójar","TELÉFONO CITAS":"692546112 /958138402","TECNIC@ ORIENTA":"María Luz Murciano Pérez","COLECTIVO":"Riesgo de Exclusión"},
  {"ENTIDAD":"DON BOSCO GRANADA REX","MUNICIPIO":"HUÉTOR TAJAR","DÍAS":"1º y 3º lunes / mes","DIRECCIÓN":"OAL Crta. Villanueva, 18360 Huétor Tájar","TELÉFONO CITAS":"635325172 /958138402","TECNIC@ ORIENTA":"Inmaculada Ruiz / Luz Murcian","COLECTIVO":"Riesgo de Exclusión"},
  {"ENTIDAD":"DON BOSCO GRANADA REX","MUNICIPIO":"MARACENA","DÍAS":"1º y 3º miércoles / mes","DIRECCIÓN":"Ayutamiento de Maracena, Fundación Rojas, n.º 1 planta baja 18200 Maracena","TELÉFONO CITAS":"635325172 /958138402","TECNIC@ ORIENTA":"Inmaculada Ruiz","COLECTIVO":"Riesgo de Exclusión"},
  {"ENTIDAD":"DON BOSCO GRANADA REX","MUNICIPIO":"PELIGROS","DÍAS":"2º y 4º martes / mes","DIRECCIÓN":"Instalaciones de Cruz Roja. Avenida de los Pechuelos, 18210 Peligros","TELÉFONO CITAS":"635325172 /958138402","TECNIC@ ORIENTA":"Inmaculada Ruiz","COLECTIVO":"Riesgo de Exclusión"},
  {"ENTIDAD":"Fundación PRODE","MUNICIPIO":"GUADAHORTUNA","DÍAS":"2º y 4º Martes / mes","DIRECCIÓN":"Carretera De Huelma, 9, 18560 Guadahortuna","TELÉFONO CITAS":"662948522 / 674347516","TECNIC@ ORIENTA":"Anabel Espinola (4º) / Mª Ángeles Lara Díaz (2º)","COLECTIVO":"Riesgo de Exclusión"},
  {"ENTIDAD":"Fundación PRODE","MUNICIPIO":"ALFACAR","DÍAS":"2º y 3er Lunes / mes","DIRECCIÓN":"C/ Ángel de la Higuera López. 18170 Alfacar","TELÉFONO CITAS":"662948522 / 674347516","TECNIC@ ORIENTA":"Anabel Espinola (3er) / Mª Ángeles Lara Díaz (2º)","COLECTIVO":"Riesgo de Exclusión"},
  {"ENTIDAD":"Fundación PRODE","MUNICIPIO":"HUÉTOR SANTILLAN","DÍAS":"1er y 3er Jueves / mes","DIRECCIÓN":"Plaza de la Constitución, 1 Huétor Santillán 18183","TELÉFONO CITAS":"662948522 / 674347516","TECNIC@ ORIENTA":"Anabel Espinola (3er) / Mª Ángeles Lara Díaz (1er)","COLECTIVO":"Riesgo de Exclusión"},
  {"ENTIDAD":"Fundación PRODE","MUNICIPIO":"NORTE GRANADA","DÍAS":"Miércoles y Viernes","DIRECCIÓN":"Fundación Secretariado Gitano. Calle María Teresa de León, 4-6 Granada 18011","TELÉFONO CITAS":"662948522 / 674347516","TECNIC@ ORIENTA":"Anabel Espinola (2º y 4º) / Mª Ángeles Lara Díaz (1er y 3er)","COLECTIVO":"Riesgo de Exclusión"}
]
